<?xml version="1.0" encoding="UTF-8"?>
<con:soapui-project id="68194fb1-b450-4679-8938-ae48dc7a1f2b" activeEnvironment="Default" name="ProductsService" resourceRoot="${projectDir}" soapui-version="5.5.0" abortOnError="false" runType="SEQUENTIAL" xmlns:con="http://eviware.com/soapui/config">
  <con:settings/>
  <con:interface xsi:type="con:RestService" id="85925baa-ea83-421e-9c8e-ad878e2d214e" wadlVersion="http://wadl.dev.java.net/2009/02" name="" type="rest" xmlns:xsi="http://www.w3.org/2001/XMLSchema-instance">
    <con:settings/>
    <con:definitionCache type="TEXT" rootPart=""/>
    <con:endpoints/>
    <con:resource name="Offer_11_200_OK" path="/offer/11" id="88666907-2a34-48ac-b189-dec6fe06e172">
      <con:settings/>
      <con:parameters/>
      <con:method name="Offer_11_200_OK" id="f6fcfb56-a6a5-4ede-873b-98a20406d9ce" method="GET">
        <con:settings/>
        <con:parameters/>
        <con:representation type="FAULT">
          <con:mediaType>application/xml; charset=UTF-8</con:mediaType>
          <con:status>401</con:status>
          <con:params/>
          <con:element xmlns:sec="http://wso2.org/apimanager/security">sec:fault</con:element>
        </con:representation>
        <con:representation type="RESPONSE">
          <con:mediaType>application/xml; charset=UTF-8</con:mediaType>
          <con:status>200</con:status>
          <con:params/>
          <con:element>product</con:element>
        </con:representation>
        <con:request name="Request" id="9e5d0297-0995-4795-a977-dae4bfa2fc67" mediaType="application/json">
          <con:settings>
            <con:setting id="com.eviware.soapui.impl.wsdl.WsdlRequest@request-headers">&lt;xml-fragment/></con:setting>
          </con:settings>
          <con:endpoint>http://localhost:8283/offerquote/1.0.0</con:endpoint>
          <con:request/>
          <con:originalUri>http://localhost/offerquote/1.0.0/offer/11</con:originalUri>
          <con:credentials>
            <con:selectedAuthProfile>MyProfile</con:selectedAuthProfile>
            <con:authType>OAuth 2.0</con:authType>
          </con:credentials>
          <con:jmsConfig JMSDeliveryMode="PERSISTENT"/>
          <con:jmsPropertyConfig/>
          <con:parameters/>
        </con:request>
      </con:method>
    </con:resource>
  </con:interface>
  <con:interface xsi:type="con:RestService" id="d17e303c-1139-4289-8eb7-f7054be44448" wadlVersion="http://wadl.dev.java.net/2009/02" name="http://localhost:8283" type="rest" xmlns:xsi="http://www.w3.org/2001/XMLSchema-instance">
    <con:settings/>
    <con:definitionCache type="TEXT" rootPart=""/>
    <con:endpoints>
      <con:endpoint>http://localhost:8283</con:endpoint>
    </con:endpoints>
    <con:resource name="Offer_22_404_NOT_FOUND" path="/offerquote/1.0.0/offer/22" id="c222ce8b-fd58-4ab3-a5da-3c0381320224">
      <con:settings/>
      <con:parameters/>
      <con:method name="Offer_22_404_NOT_FOUND" id="05b8b9aa-e558-4b33-9ad1-1b3ba3b65920" method="GET">
        <con:settings/>
        <con:parameters/>
        <con:representation type="FAULT">
          <con:mediaType>application/xml; charset=UTF-8</con:mediaType>
          <con:status>401 404</con:status>
          <con:params/>
          <con:element xmlns:sec="http://wso2.org/apimanager/security">sec:fault</con:element>
        </con:representation>
        <con:request name="Request" id="a93973de-9126-4a61-8cf5-0a67e47c253d" mediaType="application/json">
          <con:settings>
            <con:setting id="com.eviware.soapui.impl.wsdl.WsdlRequest@request-headers">&lt;xml-fragment/></con:setting>
          </con:settings>
          <con:endpoint>http://localhost:8283</con:endpoint>
          <con:request/>
          <con:originalUri>http://localhost/offerquote/1.0.0/offer/22</con:originalUri>
          <con:credentials>
            <con:selectedAuthProfile>MyProfile</con:selectedAuthProfile>
            <con:authType>OAuth 2.0</con:authType>
          </con:credentials>
          <con:jmsConfig JMSDeliveryMode="PERSISTENT"/>
          <con:jmsPropertyConfig/>
          <con:parameters/>
        </con:request>
      </con:method>
    </con:resource>
  </con:interface>
  <con:interface xsi:type="con:RestService" id="3b5d55a5-6b35-49f5-8276-81453738efcb" wadlVersion="http://wadl.dev.java.net/2009/02" name="http://localhost:8283" type="rest" xmlns:xsi="http://www.w3.org/2001/XMLSchema-instance">
    <con:settings/>
    <con:definitionCache/>
    <con:endpoints>
      <con:endpoint>http://localhost:8283</con:endpoint>
    </con:endpoints>
    <con:resource name="Quote_44_200_OK" path="/offerquote/1.0.0/quote/44" id="2eecbcd9-8bfb-490e-a969-aea5d59e4112">
      <con:settings/>
      <con:parameters/>
      <con:method name="Quote_44_200_OK" id="83a0b6f7-e1a8-4f8e-80ad-28bc75e5870f" method="GET">
        <con:settings/>
        <con:parameters/>
        <con:representation type="RESPONSE">
          <con:mediaType>application/xml; charset=UTF-8</con:mediaType>
          <con:status>200</con:status>
          <con:params/>
          <con:element>product</con:element>
        </con:representation>
        <con:request name="Request" id="cb1ad17a-2ff7-4b3f-9921-cf5eedecc855" mediaType="application/json">
          <con:settings>
            <con:setting id="com.eviware.soapui.impl.wsdl.WsdlRequest@request-headers">&lt;xml-fragment/></con:setting>
          </con:settings>
          <con:endpoint>http://localhost:8283</con:endpoint>
          <con:request/>
          <con:originalUri>http://localhost/offerquote/1.0.0/quote/44</con:originalUri>
          <con:credentials>
            <con:selectedAuthProfile>MyProfile</con:selectedAuthProfile>
            <con:authType>OAuth 2.0</con:authType>
          </con:credentials>
          <con:jmsConfig JMSDeliveryMode="PERSISTENT"/>
          <con:jmsPropertyConfig/>
          <con:parameters/>
        </con:request>
      </con:method>
    </con:resource>
  </con:interface>
  <con:interface xsi:type="con:RestService" id="02ca7609-fa92-4b8c-8be6-b841c3dd49cc" wadlVersion="http://wadl.dev.java.net/2009/02" name="http://localhost:8283" type="rest" xmlns:xsi="http://www.w3.org/2001/XMLSchema-instance">
    <con:settings/>
    <con:definitionCache/>
    <con:endpoints>
      <con:endpoint>http://localhost:8283</con:endpoint>
    </con:endpoints>
    <con:resource name="Quote_50_404_NOT_FOUND" path="/offerquote/1.0.0/quote/50" id="2ea0fb34-744b-4fd5-b6a3-76a2a2a8bcb9">
      <con:settings/>
      <con:parameters/>
      <con:method name="Quote_50_404_NOT_FOUND" id="e73f78ab-16c2-4b01-829c-bd6c8d1c174f" method="GET">
        <con:settings/>
        <con:parameters/>
        <con:representation type="FAULT">
          <con:mediaType>application/xml; charset=UTF-8</con:mediaType>
          <con:status>401 404</con:status>
          <con:params/>
          <con:element xmlns:sec="http://wso2.org/apimanager/security">sec:fault</con:element>
        </con:representation>
        <con:request name="Request" id="ac1df915-9ebe-44e4-994c-4d9e514fd68d" mediaType="application/json">
          <con:settings>
            <con:setting id="com.eviware.soapui.impl.wsdl.WsdlRequest@request-headers">&lt;xml-fragment/></con:setting>
          </con:settings>
          <con:endpoint>http://localhost:8283</con:endpoint>
          <con:request/>
          <con:originalUri>http://localhost/offerquote/1.0.0/quote/50</con:originalUri>
          <con:credentials>
            <con:selectedAuthProfile>MyProfile</con:selectedAuthProfile>
            <con:authType>OAuth 2.0</con:authType>
          </con:credentials>
          <con:jmsConfig JMSDeliveryMode="PERSISTENT"/>
          <con:jmsPropertyConfig/>
          <con:parameters/>
        </con:request>
      </con:method>
    </con:resource>
  </con:interface>
  <con:properties/>
  <con:wssContainer/>
  <con:oAuth2ProfileContainer>
    <con:oAuth2Profile>
      <con:name>MyProfile</con:name>
      <con:accessToken>c9194166-090a-33e0-bb69-cbfedacfcd4a</con:accessToken>
      <con:accessTokenPosition>HEADER</con:accessTokenPosition>
      <con:oAuth2Flow>AUTHORIZATION_CODE_GRANT</con:oAuth2Flow>
      <con:refreshAccessTokenMethod>AUTOMATIC</con:refreshAccessTokenMethod>
      <con:accessTokenStatus>UNKNOWN</con:accessTokenStatus>
      <con:accessTokenStartingStatus>ENTERED_MANUALLY</con:accessTokenStartingStatus>
    </con:oAuth2Profile>
  </con:oAuth2ProfileContainer>
  <con:oAuth1ProfileContainer/>
  <con:sensitiveInformation/>
</con:soapui-project>
